-- AUTO-GENERIERT aus app/assets/catalog.json — nicht von Hand bearbeiten.
-- Neu erzeugen: node supabase/seed/generate_seed.mjs
-- Idempotent: upsert je Schlüssel.

insert into public.contract_categories
  (key, defino_level, defino_field, name_de, name_en, icon, sort_order, purpose_de, purpose_en, relevance_de, relevance_en, watch_de, watch_en, active)
values
  ('privathaftpflicht', 1, 'Existenzielle Risiken', 'Privathaftpflicht', 'Personal liability', 'shield', 10, 'Übernimmt Schäden, die du als Privatperson anderen zufügst — Personen-, Sach- und daraus folgende Vermögensschäden.', 'Covers damage you cause to others as a private individual — personal injury, property damage and resulting financial loss.', 'Eine anerkannte Bedarfssystematik ordnet die private Haftpflicht der Stufe 1 (Grundbedarf) zu — sie zählt zu den existenziell bedeutenden Risiken, weil Schadenersatzforderungen unbegrenzt hoch sein können.', 'A recognised needs hierarchy places personal liability in level 1 (basic needs) — it counts among the existentially relevant risks because liability claims can be unlimited in size.', 'Höhe der Deckungssumme, ob alle Haushaltsmitglieder mitversichert sind, und ob mehrere Verträge denselben Schutz doppelt abdecken.', 'The coverage amount, whether all household members are included, and whether several policies cover the same risk twice.', true),
  ('berufsunfaehigkeit', 1, 'Absicherung der Arbeitskraft', 'Berufsunfähigkeit', 'Disability insurance', 'briefcase', 20, 'Zahlt eine vereinbarte monatliche Rente, wenn du deinen zuletzt ausgeübten Beruf aus gesundheitlichen Gründen voraussichtlich dauerhaft nicht mehr ausüben kannst.', 'Pays an agreed monthly pension if you can probably no longer work in your most recent occupation for health reasons on a lasting basis.', 'Eine anerkannte Bedarfssystematik behandelt die Absicherung der Arbeitskraft als Stufe-1-Thema, da das Erwerbseinkommen für die meisten Haushalte die wichtigste Einnahmequelle ist.', 'A recognised needs hierarchy treats protecting your earning ability as a level 1 topic, since employment income is the most important source of income for most households.', 'Höhe und Laufzeit der Rente, der genaue BU-Begriff im Vertrag, Nachversicherungs- und Dynamikoptionen sowie Ausschlüsse.', 'The amount and term of the pension, the exact definition of disability in the contract, top-up and dynamic options, and exclusions.', true),
  ('krankenversicherung', 1, 'Krankheit', 'Krankenversicherung', 'Health insurance', 'health', 30, 'Trägt Kosten für medizinische Behandlung. Als Voll- oder als Zusatzversicherung (z. B. Zahn, stationär) möglich.', 'Covers the cost of medical treatment. Available as full cover or as supplementary cover (e.g. dental, inpatient).', 'Der Krankenversicherungsschutz gehört nach anerkannter Bedarfssystematik zur Stufe 1; in Deutschland besteht zudem eine gesetzliche Versicherungspflicht.', 'Health cover belongs to level 1 under a recognised needs hierarchy; in Germany there is also a statutory obligation to be insured.', 'Art des Tarifs, Erstattungssätze, jährliche Höchstgrenzen und Wartezeiten — und ob Zusatzbausteine mit der Hauptversicherung überlappen.', 'The type of tariff, reimbursement rates, annual limits and waiting periods — and whether add-ons overlap with the main policy.', true),
  ('krankentagegeld', 1, 'Absicherung der Arbeitskraft', 'Krankentagegeld', 'Sick-pay insurance', 'income', 35, 'Ersetzt Einkommen bei längerer Arbeitsunfähigkeit, wenn die Lohnfortzahlung endet — als vereinbarter Tagessatz.', 'Replaces income during longer periods of incapacity to work once continued pay ends — as an agreed daily amount.', 'Als Baustein der Arbeitskraftabsicherung ordnet eine anerkannte Bedarfssystematik dieses Thema der Stufe 1 zu, besonders relevant für Selbstständige und Gutverdiener.', 'As part of protecting your earning ability, a recognised needs hierarchy assigns this topic to level 1, especially relevant for the self-employed and higher earners.', 'Höhe des Tagegelds, ab welchem Tag es gezahlt wird (Karenzzeit) und wie es zur Lohnfortzahlung passt.', 'The daily amount, from which day it is paid (waiting period) and how it fits with continued pay.', true),
  ('pflegeversicherung', 1, 'Pflegebedürftigkeit', 'Pflegeversicherung', 'Long-term care insurance', 'elderly', 40, 'Deckt Kosten bei Pflegebedürftigkeit ab. Die gesetzliche Pflegeversicherung leistet nur einen Teil; private Zusatztarife ergänzen sie.', 'Covers the cost of long-term care. Statutory care insurance pays only part of it; private supplements top it up.', 'Eine anerkannte Bedarfssystematik führt das Pflegerisiko als existenzielles Thema der Stufe 1, da die Versorgungslücke im Pflegefall erheblich sein kann.', 'A recognised needs hierarchy lists the care risk as an existential level 1 topic, because the funding gap in a care situation can be substantial.', 'Art der Leistung (Tagegeld, Kostenerstattung oder Rente), Höhe je Pflegegrad und ob die Leistung dynamisch steigt.', 'The type of benefit (daily allowance, cost reimbursement or pension), the amount per care level and whether it rises dynamically.', true),
  ('risikolebensversicherung', 1, 'Hinterbliebenenabsicherung', 'Risikolebensversicherung', 'Term life insurance', 'umbrella', 50, 'Zahlt im Todesfall der versicherten Person eine vereinbarte Summe an die Bezugsberechtigten — reiner Risikoschutz ohne Sparanteil.', 'Pays an agreed sum to the beneficiaries if the insured person dies — pure protection with no savings component.', 'Die Absicherung Hinterbliebener ist nach anerkannter Bedarfssystematik ein Stufe-1-Thema, vor allem bei Familien mit Kindern oder gemeinsamen Krediten.', 'Protecting surviving dependants is a level 1 topic under a recognised needs hierarchy, above all for families with children or shared loans.', 'Höhe der Versicherungssumme im Verhältnis zum Bedarf, Laufzeit und die korrekte Bezugsberechtigung.', 'The sum insured relative to the need, the term and the correct beneficiary designation.', true),
  ('unfallversicherung', 1, 'Invalidität durch Unfall', 'Unfallversicherung', 'Accident insurance', 'healing', 60, 'Leistet bei bleibenden Schäden infolge eines Unfalls, meist als Einmalkapital abhängig vom Invaliditätsgrad.', 'Pays out for lasting damage following an accident, usually as a lump sum depending on the degree of disability.', 'Eine anerkannte Bedarfssystematik betrachtet unfallbedingte Invalidität im Rahmen der Grundabsicherung; sie ergänzt, ersetzt aber keine Berufsunfähigkeitsabsicherung.', 'A recognised needs hierarchy considers accident-related disability within basic protection; it complements but does not replace disability cover.', 'Höhe der Invaliditätssumme, vereinbarte Progression und welche Ereignisse als Unfall gelten.', 'The disability sum, the agreed progression and which events count as an accident.', true),
  ('hausratversicherung', 1, 'Sachwerte des Haushalts', 'Hausratversicherung', 'Household contents insurance', 'sofa', 70, 'Ersetzt Hausrat (Möbel, Kleidung, Elektronik) bei Schäden durch Feuer, Leitungswasser, Sturm oder Einbruchdiebstahl.', 'Replaces household contents (furniture, clothing, electronics) for damage from fire, water, storm or burglary.', 'Eine anerkannte Bedarfssystematik zählt den Schutz wesentlicher Sachwerte zum Grundbedarf, da ein Totalverlust kurzfristig hohe Wiederbeschaffungskosten verursacht.', 'A recognised needs hierarchy counts protecting essential possessions as a basic need, since a total loss causes high replacement costs at short notice.', 'Versicherungssumme im Verhältnis zur Wohnfläche (Unterversicherung vermeiden) und ob Elementarschäden eingeschlossen sind.', 'The sum insured relative to the living space (avoid underinsurance) and whether natural-hazard damage is included.', true),
  ('wohngebaeudeversicherung', 1, 'Wohneigentum', 'Wohngebäudeversicherung', 'Residential building insurance', 'house', 80, 'Schützt das Gebäude selbst (Mauerwerk, Dach, fest Verbautes) vor Schäden durch Feuer, Leitungswasser, Sturm und Hagel.', 'Protects the building itself (structure, roof, fixtures) against fire, water, storm and hail damage.', 'Für Wohneigentümer ist dieser Schutz nach anerkannter Bedarfssystematik Teil der Grundabsicherung, da ein Gebäudeschaden die Existenz gefährden kann.', 'For homeowners this cover is part of basic protection under a recognised needs hierarchy, since building damage can threaten one''s livelihood.', 'Ob Elementarschäden (Überschwemmung, Erdbeben) eingeschlossen sind und ob die Versicherungssumme zum Wiederaufbauwert passt.', 'Whether natural-hazard damage (flood, earthquake) is included and whether the sum insured matches the rebuild value.', true),
  ('rechtsschutzversicherung', 1, 'Rechtliche Auseinandersetzungen', 'Rechtsschutzversicherung', 'Legal expenses insurance', 'gavel', 90, 'Übernimmt Kosten rechtlicher Auseinandersetzungen (Anwalt, Gericht, Gutachten) in den vereinbarten Lebensbereichen.', 'Covers the cost of legal disputes (lawyer, court, expert opinions) in the agreed areas of life.', 'Eine anerkannte Bedarfssystematik ordnet den Rechtsschutz dem Grundbedarf zu, weil Prozesskosten im Streitfall erheblich und schwer planbar sind.', 'A recognised needs hierarchy assigns legal expenses to basic needs, because litigation costs are substantial and hard to plan for.', 'Welche Bereiche eingeschlossen sind (privat, beruflich, Verkehr, Wohnen), Wartezeiten und Selbstbeteiligung.', 'Which areas are included (private, work, traffic, housing), waiting periods and the deductible.', true),
  ('kfzversicherung', 1, 'Kraftfahrzeug', 'Kfz-Versicherung', 'Motor insurance', 'car', 100, 'Deckt Schäden rund um das Fahrzeug ab. Die Haftpflicht ist gesetzlich vorgeschrieben; Teil- und Vollkasko sind freiwillig.', 'Covers vehicle-related damage. Third-party liability is mandatory; partial and full comprehensive cover are optional.', 'Die Kfz-Haftpflicht ist gesetzlich verpflichtend; eine anerkannte Bedarfssystematik betrachtet das Halten eines Fahrzeugs als individuelle Bedarfsfrage.', 'Motor third-party liability is mandatory by law; a recognised needs hierarchy treats running a vehicle as an individual question of need.', 'Umfang (Haftpflicht/Teil-/Vollkasko), Schadenfreiheitsklasse, Selbstbeteiligung und eingeschlossene Zusatzleistungen.', 'The scope (liability/partial/full), no-claims class, deductible and included extras.', true),
  ('tierhalterhaftpflicht', 1, 'Existenzielle Risiken', 'Tierhalterhaftpflicht', 'Animal owner liability', 'paw', 110, 'Übernimmt Schäden, die von deinem Tier (z. B. Hund oder Pferd) verursacht werden — diese sind über die Privathaftpflicht meist nicht gedeckt.', 'Covers damage caused by your animal (e.g. dog or horse) — usually not included in personal liability.', 'Als Haftungsrisiko fällt dies unter die Stufe-1-Logik einer anerkannten Bedarfssystematik; für Hunde und Pferde besteht je nach Bundesland teils eine Pflicht.', 'As a liability risk this falls under the level 1 logic of a recognised needs hierarchy; for dogs and horses it is partly mandatory depending on the federal state.', 'Deckungssumme und ob die jeweilige Tierart bzw. Nutzung (z. B. Fremdreiter) eingeschlossen ist.', 'The coverage amount and whether the specific animal or use (e.g. third-party riders) is included.', true),
  ('liquiditaetsreserve', 1, 'Liquiditätsreserve', 'Liquiditätsreserve', 'Liquidity reserve', 'wallet', 120, 'Schnell verfügbares Geld für unerwartete Ausgaben — auf Giro-, Tagesgeld- oder Sparkonto.', 'Readily available money for unexpected expenses — in a current, instant-access or savings account.', 'Eine anerkannte Bedarfssystematik stellt eine Notfallreserve an den Anfang der Grundabsicherung, bevor langfristig gespart oder investiert wird.', 'A recognised needs hierarchy places an emergency reserve at the start of basic protection, before any long-term saving or investing.', 'Ob die Reserve jederzeit verfügbar ist und in einem sinnvollen Verhältnis zu den monatlichen Fixkosten steht.', 'Whether the reserve is available at any time and reasonable relative to monthly fixed costs.', true),
  ('altersvorsorge', 2, 'Alterseinkommen', 'Altersvorsorge', 'Retirement provision', 'savings', 200, 'Baut Einkommen für den Ruhestand auf — gesetzlich, betrieblich oder privat (z. B. Riester, Rürup, private Rente).', 'Builds income for retirement — statutory, occupational or private (e.g. Riester, Rürup, private pension).', 'Die Sicherung des Lebensstandards im Alter ordnet eine anerkannte Bedarfssystematik der Stufe 2 zu — nach der Grundabsicherung, aber vor reinem Vermögensaufbau.', 'Maintaining your standard of living in old age is placed in level 2 by a recognised needs hierarchy — after basic protection but before pure wealth building.', 'Unterschied zwischen garantierten und prognostizierten Beträgen, Kosten des Vertrags und steuerliche Behandlung.', 'The difference between guaranteed and projected amounts, the contract costs and the tax treatment.', true),
  ('lebensversicherung', 2, 'Kapitalbildende Vorsorge', 'Lebensversicherung', 'Life insurance', 'family', 210, 'Verbindet Todesfallschutz mit einem Sparanteil (Kapital- oder fondsgebunden) oder dient als reiner Risikoschutz.', 'Combines death cover with a savings component (endowment or unit-linked) or serves as pure protection.', 'Kapitalbildende Lebensversicherungen wirken auf Lebensstandard und Vorsorge zugleich; eine anerkannte Bedarfssystematik betrachtet sie im Kontext der Stufe 2.', 'Capital-forming life policies affect both living standard and provision; a recognised needs hierarchy considers them in the level 2 context.', 'Art des Vertrags, Garantien, laufende Kosten und der aktuelle Rückkaufswert.', 'The type of contract, guarantees, ongoing costs and the current surrender value.', true),
  ('immobilienfinanzierung', 2, 'Immobilienfinanzierung', 'Immobilienfinanzierung', 'Mortgage / property loan', 'apartment', 220, 'Darlehen zur Finanzierung von Wohneigentum, meist mit fester Zinsbindung und regelmäßiger Tilgung.', 'A loan to finance home ownership, usually with a fixed interest period and regular repayment.', 'Laufende Finanzierungen prägen den Lebensstandard und die Liquidität; eine anerkannte Bedarfssystematik berücksichtigt Verbindlichkeiten in der Gesamtbetrachtung der Stufe 2.', 'Ongoing financing shapes living standard and liquidity; a recognised needs hierarchy includes liabilities in the level 2 overall picture.', 'Zinssatz und Ende der Zinsbindung, Höhe der Restschuld und ob Anschlussfinanzierung oder Sondertilgung möglich sind.', 'The interest rate and end of the fixed period, the remaining debt and whether refinancing or extra repayments are possible.', true),
  ('bausparvertrag', 2, 'Wohneigentum / Sparen', 'Bausparvertrag', 'Building savings contract', 'foundation', 230, 'Kombiniert eine Sparphase mit dem Anspruch auf ein zinsgünstiges Bauspardarlehen für wohnwirtschaftliche Zwecke.', 'Combines a savings phase with the right to a low-interest building loan for housing purposes.', 'Als zweckgebundenes Spar- und Finanzierungsinstrument berührt der Bausparvertrag Vorsorge und Lebensstandard (Stufe 2).', 'As an earmarked saving and financing instrument, a building savings contract touches provision and living standard (level 2).', 'Bausparsumme, aktueller Sparstand, Guthaben- und Darlehenszins sowie der Zeitpunkt der Zuteilung.', 'The contract sum, current savings balance, credit and loan interest, and the allocation date.', true),
  ('depot', 3, 'Vermögensaufbau', 'Wertpapierdepot', 'Securities portfolio', 'chart', 300, 'Verwahrt Wertpapiere wie Aktien, ETFs und Fonds zum langfristigen Vermögensaufbau.', 'Holds securities such as shares, ETFs and funds for long-term wealth building.', 'Vermögensaufbau ordnet eine anerkannte Bedarfssystematik der Stufe 3 zu — sinnvoll, wenn Grundabsicherung und Vorsorge bereits stehen.', 'A recognised needs hierarchy places wealth building in level 3 — sensible once basic protection and provision are in place.', 'Laufende Fondskosten (TER), Streuung der Positionen und das Verhältnis von Risiko zum Anlagehorizont.', 'Ongoing fund costs (TER), diversification of positions and the balance of risk and investment horizon.', true),
  ('sparplan', 3, 'Vermögensaufbau', 'Sparplan', 'Savings plan', 'trending', 310, 'Regelmäßige Einzahlung in Fonds, ETFs oder Banksparpläne zum schrittweisen Vermögensaufbau.', 'Regular contributions into funds, ETFs or bank savings plans to build wealth step by step.', 'Als Instrument des Vermögensaufbaus zählt der Sparplan zur Stufe 3 einer anerkannten Bedarfssystematik.', 'As a wealth-building instrument, a savings plan belongs to level 3 of a recognised needs hierarchy.', 'Höhe der Rate, Kosten des bespartem Produkts und Flexibilität bei Pausen oder Änderungen.', 'The contribution amount, the cost of the invested product and flexibility to pause or change.', true),
  ('tagesgeld_festgeld', 3, 'Geldanlage', 'Tagesgeld / Festgeld', 'Savings / fixed deposit', 'bank', 320, 'Verzinste Geldanlage mit hoher Sicherheit — Tagesgeld täglich verfügbar, Festgeld über eine feste Laufzeit gebunden.', 'Interest-bearing savings with high security — instant access for savings, a fixed term for fixed deposits.', 'Über die Notfallreserve hinaus angelegtes Guthaben zählt zum Vermögensaufbau (Stufe 3).', 'Balances held beyond the emergency reserve count as wealth building (level 3).', 'Zinssatz, Laufzeit und ob das Guthaben über die Einlagensicherung abgedeckt ist.', 'The interest rate, the term and whether the balance is covered by deposit protection.', true),
  ('sterbegeldversicherung', 3, 'Bestattungskosten', 'Sterbegeldversicherung', 'Funeral expenses insurance', 'candle', 330, 'Zahlt im Todesfall eine festgelegte Summe, die zur Deckung von Bestattungskosten gedacht ist.', 'Pays a set sum on death, intended to cover funeral costs.', 'Ein eng umrissener Vorsorgebaustein; eine anerkannte Bedarfssystematik betrachtet ihn nachrangig zur existenziellen Grundabsicherung.', 'A narrowly defined provision element; a recognised needs hierarchy treats it as secondary to existential basic protection.', 'Höhe der Summe im Verhältnis zu den eingezahlten Beiträgen und etwaige Wartezeiten.', 'The sum relative to the premiums paid and any waiting periods.', true),
  ('reiseversicherung', 3, 'Reise', 'Reiseversicherung', 'Travel insurance', 'flight', 340, 'Deckt reisebezogene Risiken wie Krankheit im Ausland, Reiserücktritt oder Gepäckschäden.', 'Covers travel-related risks such as illness abroad, trip cancellation or baggage loss.', 'Ein komfortorientierter Baustein; eine anerkannte Bedarfssystematik ordnet solche Risiken dem oberen Bereich (Stufe 3) zu.', 'A comfort-oriented element; a recognised needs hierarchy places such risks in the upper range (level 3).', 'Welche Bausteine enthalten sind, Geltungsbereich (Europa/weltweit) und ob es sich um Einmal- oder Jahresschutz handelt.', 'Which modules are included, the area of validity (Europe/worldwide) and whether it is single-trip or annual cover.', true)
on conflict (key) do update set
  defino_level = excluded.defino_level,
  defino_field = excluded.defino_field,
  name_de = excluded.name_de,
  name_en = excluded.name_en,
  icon = excluded.icon,
  sort_order = excluded.sort_order,
  purpose_de = excluded.purpose_de,
  purpose_en = excluded.purpose_en,
  relevance_de = excluded.relevance_de,
  relevance_en = excluded.relevance_en,
  watch_de = excluded.watch_de,
  watch_en = excluded.watch_en,
  active = excluded.active
;

delete from public.contract_fields where category_key in ('privathaftpflicht', 'berufsunfaehigkeit', 'krankenversicherung', 'krankentagegeld', 'pflegeversicherung', 'risikolebensversicherung', 'unfallversicherung', 'hausratversicherung', 'wohngebaeudeversicherung', 'rechtsschutzversicherung', 'kfzversicherung', 'tierhalterhaftpflicht', 'liquiditaetsreserve', 'altersvorsorge', 'lebensversicherung', 'immobilienfinanzierung', 'bausparvertrag', 'depot', 'sparplan', 'tagesgeld_festgeld', 'sterbegeldversicherung', 'reiseversicherung');

insert into public.contract_fields
  (category_key, field_key, kind, label_de, label_en, sort_order, required, choices, active)
values
  ('privathaftpflicht', 'provider', 'text', 'Anbieter', 'Provider', 10, true, '[]'::jsonb, true),
  ('privathaftpflicht', 'contractNumber', 'text', 'Vertragsnummer', 'Contract number', 20, false, '[]'::jsonb, true),
  ('privathaftpflicht', 'startDate', 'date', 'Vertragsbeginn', 'Start date', 30, false, '[]'::jsonb, true),
  ('privathaftpflicht', 'premium', 'premium', 'Beitrag', 'Premium', 40, false, '[]'::jsonb, true),
  ('privathaftpflicht', 'coverageSum', 'money', 'Deckungssumme', 'Coverage amount', 50, false, '[]'::jsonb, true),
  ('privathaftpflicht', 'deductible', 'money', 'Selbstbeteiligung', 'Deductible', 60, false, '[]'::jsonb, true),
  ('privathaftpflicht', 'insuredPersons', 'choice', 'Versicherte Personen', 'Insured persons', 70, false, '[{"value":"single","label_de":"Einzelperson","label_en":"Single"},{"value":"paar","label_de":"Paar","label_en":"Couple"},{"value":"familie","label_de":"Familie","label_en":"Family"}]'::jsonb, true),
  ('berufsunfaehigkeit', 'provider', 'text', 'Anbieter', 'Provider', 10, true, '[]'::jsonb, true),
  ('berufsunfaehigkeit', 'contractNumber', 'text', 'Vertragsnummer', 'Contract number', 20, false, '[]'::jsonb, true),
  ('berufsunfaehigkeit', 'startDate', 'date', 'Vertragsbeginn', 'Start date', 30, false, '[]'::jsonb, true),
  ('berufsunfaehigkeit', 'premium', 'premium', 'Beitrag', 'Premium', 40, false, '[]'::jsonb, true),
  ('berufsunfaehigkeit', 'endDate', 'date', 'Vertragsende', 'End date', 50, false, '[]'::jsonb, true),
  ('berufsunfaehigkeit', 'monthlyBenefit', 'money', 'Monatliche BU-Rente', 'Monthly benefit', 60, false, '[]'::jsonb, true),
  ('berufsunfaehigkeit', 'benefitEndAge', 'int', 'Leistungsende (Alter)', 'Benefit end age', 70, false, '[]'::jsonb, true),
  ('berufsunfaehigkeit', 'dynamics', 'bool', 'Dynamik', 'Dynamic increase', 80, false, '[]'::jsonb, true),
  ('krankenversicherung', 'provider', 'text', 'Anbieter', 'Provider', 10, true, '[]'::jsonb, true),
  ('krankenversicherung', 'contractNumber', 'text', 'Vertragsnummer', 'Contract number', 20, false, '[]'::jsonb, true),
  ('krankenversicherung', 'startDate', 'date', 'Vertragsbeginn', 'Start date', 30, false, '[]'::jsonb, true),
  ('krankenversicherung', 'premium', 'premium', 'Beitrag', 'Premium', 40, false, '[]'::jsonb, true),
  ('krankenversicherung', 'kind', 'choice', 'Art', 'Type', 50, false, '[{"value":"vollversicherung","label_de":"Vollversicherung","label_en":"Full cover"},{"value":"zusatz_zahn","label_de":"Zahnzusatz","label_en":"Dental supplement"},{"value":"zusatz_stationaer","label_de":"Stationär-Zusatz","label_en":"Inpatient supplement"},{"value":"zusatz_sonstige","label_de":"Sonstige Zusatzversicherung","label_en":"Other supplement"}]'::jsonb, true),
  ('krankenversicherung', 'tariff', 'text', 'Tarif', 'Tariff', 60, false, '[]'::jsonb, true),
  ('krankenversicherung', 'reimbursementPercent', 'int', 'Erstattung (%)', 'Reimbursement (%)', 70, false, '[]'::jsonb, true),
  ('krankenversicherung', 'annualLimit', 'money', 'Jährl. Höchstbetrag', 'Annual limit', 80, false, '[]'::jsonb, true),
  ('krankentagegeld', 'provider', 'text', 'Anbieter', 'Provider', 10, true, '[]'::jsonb, true),
  ('krankentagegeld', 'contractNumber', 'text', 'Vertragsnummer', 'Contract number', 20, false, '[]'::jsonb, true),
  ('krankentagegeld', 'startDate', 'date', 'Vertragsbeginn', 'Start date', 30, false, '[]'::jsonb, true),
  ('krankentagegeld', 'premium', 'premium', 'Beitrag', 'Premium', 40, false, '[]'::jsonb, true),
  ('krankentagegeld', 'dailyBenefit', 'money', 'Tagegeld', 'Daily benefit', 50, false, '[]'::jsonb, true),
  ('krankentagegeld', 'waitingDays', 'int', 'Karenzzeit (Tage)', 'Waiting period (days)', 60, false, '[]'::jsonb, true),
  ('pflegeversicherung', 'provider', 'text', 'Anbieter', 'Provider', 10, true, '[]'::jsonb, true),
  ('pflegeversicherung', 'contractNumber', 'text', 'Vertragsnummer', 'Contract number', 20, false, '[]'::jsonb, true),
  ('pflegeversicherung', 'startDate', 'date', 'Vertragsbeginn', 'Start date', 30, false, '[]'::jsonb, true),
  ('pflegeversicherung', 'premium', 'premium', 'Beitrag', 'Premium', 40, false, '[]'::jsonb, true),
  ('pflegeversicherung', 'kind', 'choice', 'Art', 'Type', 50, false, '[{"value":"pflegepflicht","label_de":"Gesetzliche Pflichtversicherung","label_en":"Statutory cover"},{"value":"pflegetagegeld","label_de":"Pflegetagegeld","label_en":"Care daily allowance"},{"value":"pflegekosten","label_de":"Pflegekostenversicherung","label_en":"Care cost insurance"},{"value":"pflegerente","label_de":"Pflegerente","label_en":"Care pension"}]'::jsonb, true),
  ('pflegeversicherung', 'monthlyBenefit', 'money', 'Leistung / Monat', 'Benefit / month', 60, false, '[]'::jsonb, true),
  ('risikolebensversicherung', 'provider', 'text', 'Anbieter', 'Provider', 10, true, '[]'::jsonb, true),
  ('risikolebensversicherung', 'contractNumber', 'text', 'Vertragsnummer', 'Contract number', 20, false, '[]'::jsonb, true),
  ('risikolebensversicherung', 'startDate', 'date', 'Vertragsbeginn', 'Start date', 30, false, '[]'::jsonb, true),
  ('risikolebensversicherung', 'premium', 'premium', 'Beitrag', 'Premium', 40, false, '[]'::jsonb, true),
  ('risikolebensversicherung', 'endDate', 'date', 'Vertragsende', 'End date', 50, false, '[]'::jsonb, true),
  ('risikolebensversicherung', 'sumInsured', 'money', 'Versicherungssumme', 'Sum insured', 60, false, '[]'::jsonb, true),
  ('risikolebensversicherung', 'beneficiary', 'text', 'Bezugsberechtigt', 'Beneficiary', 70, false, '[]'::jsonb, true),
  ('unfallversicherung', 'provider', 'text', 'Anbieter', 'Provider', 10, true, '[]'::jsonb, true),
  ('unfallversicherung', 'contractNumber', 'text', 'Vertragsnummer', 'Contract number', 20, false, '[]'::jsonb, true),
  ('unfallversicherung', 'startDate', 'date', 'Vertragsbeginn', 'Start date', 30, false, '[]'::jsonb, true),
  ('unfallversicherung', 'premium', 'premium', 'Beitrag', 'Premium', 40, false, '[]'::jsonb, true),
  ('unfallversicherung', 'invaliditySum', 'money', 'Invaliditätssumme', 'Disability sum', 50, false, '[]'::jsonb, true),
  ('unfallversicherung', 'progression', 'int', 'Progression (%)', 'Progression (%)', 60, false, '[]'::jsonb, true),
  ('hausratversicherung', 'provider', 'text', 'Anbieter', 'Provider', 10, true, '[]'::jsonb, true),
  ('hausratversicherung', 'contractNumber', 'text', 'Vertragsnummer', 'Contract number', 20, false, '[]'::jsonb, true),
  ('hausratversicherung', 'startDate', 'date', 'Vertragsbeginn', 'Start date', 30, false, '[]'::jsonb, true),
  ('hausratversicherung', 'premium', 'premium', 'Beitrag', 'Premium', 40, false, '[]'::jsonb, true),
  ('hausratversicherung', 'insuredSum', 'money', 'Versicherungssumme', 'Sum insured', 50, false, '[]'::jsonb, true),
  ('hausratversicherung', 'livingSpaceSqm', 'int', 'Wohnfläche (m²)', 'Living space (m²)', 60, false, '[]'::jsonb, true),
  ('hausratversicherung', 'deductible', 'money', 'Selbstbeteiligung', 'Deductible', 70, false, '[]'::jsonb, true),
  ('wohngebaeudeversicherung', 'provider', 'text', 'Anbieter', 'Provider', 10, true, '[]'::jsonb, true),
  ('wohngebaeudeversicherung', 'contractNumber', 'text', 'Vertragsnummer', 'Contract number', 20, false, '[]'::jsonb, true),
  ('wohngebaeudeversicherung', 'startDate', 'date', 'Vertragsbeginn', 'Start date', 30, false, '[]'::jsonb, true),
  ('wohngebaeudeversicherung', 'premium', 'premium', 'Beitrag', 'Premium', 40, false, '[]'::jsonb, true),
  ('wohngebaeudeversicherung', 'buildingSum', 'money', 'Versicherungssumme', 'Sum insured', 50, false, '[]'::jsonb, true),
  ('wohngebaeudeversicherung', 'risksIncluded', 'choice', 'Umfang', 'Scope', 60, false, '[{"value":"standard","label_de":"Standard (Feuer/Wasser/Sturm)","label_en":"Standard (fire/water/storm)"},{"value":"elementar","label_de":"Inkl. Elementarschäden","label_en":"Incl. natural hazards"}]'::jsonb, true),
  ('wohngebaeudeversicherung', 'deductible', 'money', 'Selbstbeteiligung', 'Deductible', 70, false, '[]'::jsonb, true),
  ('rechtsschutzversicherung', 'provider', 'text', 'Anbieter', 'Provider', 10, true, '[]'::jsonb, true),
  ('rechtsschutzversicherung', 'contractNumber', 'text', 'Vertragsnummer', 'Contract number', 20, false, '[]'::jsonb, true),
  ('rechtsschutzversicherung', 'startDate', 'date', 'Vertragsbeginn', 'Start date', 30, false, '[]'::jsonb, true),
  ('rechtsschutzversicherung', 'premium', 'premium', 'Beitrag', 'Premium', 40, false, '[]'::jsonb, true),
  ('rechtsschutzversicherung', 'scope', 'choice', 'Umfang', 'Scope', 50, false, '[{"value":"privat","label_de":"Privat","label_en":"Private"},{"value":"beruf","label_de":"Beruf","label_en":"Work"},{"value":"verkehr","label_de":"Verkehr","label_en":"Traffic"},{"value":"wohnen","label_de":"Wohnen","label_en":"Housing"},{"value":"kombi","label_de":"Kombi-Paket","label_en":"Combined"}]'::jsonb, true),
  ('rechtsschutzversicherung', 'deductible', 'money', 'Selbstbeteiligung', 'Deductible', 60, false, '[]'::jsonb, true),
  ('kfzversicherung', 'provider', 'text', 'Anbieter', 'Provider', 10, true, '[]'::jsonb, true),
  ('kfzversicherung', 'contractNumber', 'text', 'Vertragsnummer', 'Contract number', 20, false, '[]'::jsonb, true),
  ('kfzversicherung', 'startDate', 'date', 'Vertragsbeginn', 'Start date', 30, false, '[]'::jsonb, true),
  ('kfzversicherung', 'premium', 'premium', 'Beitrag', 'Premium', 40, false, '[]'::jsonb, true),
  ('kfzversicherung', 'coverageKind', 'choice', 'Umfang', 'Scope', 50, false, '[{"value":"haftpflicht","label_de":"Haftpflicht","label_en":"Liability"},{"value":"teilkasko","label_de":"Teilkasko","label_en":"Partial comprehensive"},{"value":"vollkasko","label_de":"Vollkasko","label_en":"Full comprehensive"}]'::jsonb, true),
  ('kfzversicherung', 'vehicle', 'text', 'Fahrzeug', 'Vehicle', 60, false, '[]'::jsonb, true),
  ('kfzversicherung', 'deductible', 'money', 'Selbstbeteiligung', 'Deductible', 70, false, '[]'::jsonb, true),
  ('tierhalterhaftpflicht', 'provider', 'text', 'Anbieter', 'Provider', 10, true, '[]'::jsonb, true),
  ('tierhalterhaftpflicht', 'contractNumber', 'text', 'Vertragsnummer', 'Contract number', 20, false, '[]'::jsonb, true),
  ('tierhalterhaftpflicht', 'startDate', 'date', 'Vertragsbeginn', 'Start date', 30, false, '[]'::jsonb, true),
  ('tierhalterhaftpflicht', 'premium', 'premium', 'Beitrag', 'Premium', 40, false, '[]'::jsonb, true),
  ('tierhalterhaftpflicht', 'animalType', 'choice', 'Tierart', 'Animal type', 50, false, '[{"value":"hund","label_de":"Hund","label_en":"Dog"},{"value":"pferd","label_de":"Pferd","label_en":"Horse"},{"value":"sonstige","label_de":"Sonstige","label_en":"Other"}]'::jsonb, true),
  ('tierhalterhaftpflicht', 'coverageSum', 'money', 'Deckungssumme', 'Coverage amount', 60, false, '[]'::jsonb, true),
  ('liquiditaetsreserve', 'provider', 'text', 'Bank', 'Bank', 10, true, '[]'::jsonb, true),
  ('liquiditaetsreserve', 'accountType', 'choice', 'Kontoart', 'Account type', 20, false, '[{"value":"girokonto","label_de":"Girokonto","label_en":"Current account"},{"value":"tagesgeld","label_de":"Tagesgeld","label_en":"Instant-access savings"},{"value":"festgeld","label_de":"Festgeld","label_en":"Fixed-term deposit"},{"value":"sparbuch","label_de":"Sparbuch","label_en":"Passbook savings"}]'::jsonb, true),
  ('liquiditaetsreserve', 'balance', 'money', 'Guthaben', 'Balance', 30, false, '[]'::jsonb, true),
  ('liquiditaetsreserve', 'interestRate', 'text', 'Zinssatz', 'Interest rate', 40, false, '[]'::jsonb, true),
  ('liquiditaetsreserve', 'asOfDate', 'date', 'Stand', 'As of', 50, false, '[]'::jsonb, true),
  ('altersvorsorge', 'provider', 'text', 'Anbieter', 'Provider', 10, true, '[]'::jsonb, true),
  ('altersvorsorge', 'contractNumber', 'text', 'Vertragsnummer', 'Contract number', 20, false, '[]'::jsonb, true),
  ('altersvorsorge', 'startDate', 'date', 'Vertragsbeginn', 'Start date', 30, false, '[]'::jsonb, true),
  ('altersvorsorge', 'premium', 'premium', 'Beitrag', 'Premium', 40, false, '[]'::jsonb, true),
  ('altersvorsorge', 'kind', 'choice', 'Art', 'Type', 50, false, '[{"value":"gesetzlich","label_de":"Gesetzliche Rente","label_en":"Statutory pension"},{"value":"riester","label_de":"Riester","label_en":"Riester"},{"value":"ruerup","label_de":"Rürup","label_en":"Rürup"},{"value":"bav","label_de":"Betriebliche Altersvorsorge","label_en":"Occupational pension"},{"value":"privat","label_de":"Private Rente","label_en":"Private pension"}]'::jsonb, true),
  ('altersvorsorge', 'expectedMonthlyPension', 'money', 'Prognost. Rente / Monat', 'Projected pension / month', 60, false, '[]'::jsonb, true),
  ('altersvorsorge', 'guaranteedMonthlyPension', 'money', 'Garantierte Rente / Monat', 'Guaranteed pension / month', 70, false, '[]'::jsonb, true),
  ('altersvorsorge', 'retirementAge', 'int', 'Rentenbeginn (Alter)', 'Retirement age', 80, false, '[]'::jsonb, true),
  ('altersvorsorge', 'currentBalance', 'money', 'Aktuelles Guthaben', 'Current balance', 90, false, '[]'::jsonb, true),
  ('lebensversicherung', 'provider', 'text', 'Anbieter', 'Provider', 10, true, '[]'::jsonb, true),
  ('lebensversicherung', 'contractNumber', 'text', 'Vertragsnummer', 'Contract number', 20, false, '[]'::jsonb, true),
  ('lebensversicherung', 'startDate', 'date', 'Vertragsbeginn', 'Start date', 30, false, '[]'::jsonb, true),
  ('lebensversicherung', 'premium', 'premium', 'Beitrag', 'Premium', 40, false, '[]'::jsonb, true),
  ('lebensversicherung', 'endDate', 'date', 'Vertragsende', 'End date', 50, false, '[]'::jsonb, true),
  ('lebensversicherung', 'kind', 'choice', 'Art', 'Type', 60, false, '[{"value":"risikoleben","label_de":"Risikolebensversicherung","label_en":"Term life"},{"value":"kapitalleben","label_de":"Kapitallebensversicherung","label_en":"Endowment"},{"value":"fondsgebunden","label_de":"Fondsgebunden","label_en":"Unit-linked"}]'::jsonb, true),
  ('lebensversicherung', 'sumInsured', 'money', 'Versicherungssumme', 'Sum insured', 70, false, '[]'::jsonb, true),
  ('lebensversicherung', 'beneficiary', 'text', 'Bezugsberechtigt', 'Beneficiary', 80, false, '[]'::jsonb, true),
  ('lebensversicherung', 'surrenderValue', 'money', 'Rückkaufswert', 'Surrender value', 90, false, '[]'::jsonb, true),
  ('immobilienfinanzierung', 'provider', 'text', 'Kreditgeber', 'Lender', 10, true, '[]'::jsonb, true),
  ('immobilienfinanzierung', 'contractNumber', 'text', 'Darlehensnummer', 'Loan number', 20, false, '[]'::jsonb, true),
  ('immobilienfinanzierung', 'loanAmount', 'money', 'Darlehenssumme', 'Loan amount', 30, false, '[]'::jsonb, true),
  ('immobilienfinanzierung', 'interestRate', 'text', 'Zinssatz', 'Interest rate', 40, false, '[]'::jsonb, true),
  ('immobilienfinanzierung', 'fixedUntil', 'date', 'Zinsbindung bis', 'Fixed until', 50, false, '[]'::jsonb, true),
  ('immobilienfinanzierung', 'monthlyRate', 'money', 'Monatliche Rate', 'Monthly instalment', 60, false, '[]'::jsonb, true),
  ('immobilienfinanzierung', 'remainingDebt', 'money', 'Restschuld', 'Remaining debt', 70, false, '[]'::jsonb, true),
  ('bausparvertrag', 'provider', 'text', 'Bausparkasse', 'Building society', 10, true, '[]'::jsonb, true),
  ('bausparvertrag', 'contractNumber', 'text', 'Vertragsnummer', 'Contract number', 20, false, '[]'::jsonb, true),
  ('bausparvertrag', 'premium', 'premium', 'Sparrate', 'Savings rate', 30, false, '[]'::jsonb, true),
  ('bausparvertrag', 'buildingSocietySum', 'money', 'Bausparsumme', 'Contract sum', 40, false, '[]'::jsonb, true),
  ('bausparvertrag', 'currentBalance', 'money', 'Sparguthaben', 'Savings balance', 50, false, '[]'::jsonb, true),
  ('bausparvertrag', 'allocationReady', 'bool', 'Zuteilungsreif', 'Allocation ready', 60, false, '[]'::jsonb, true),
  ('depot', 'provider', 'text', 'Anbieter', 'Provider', 10, true, '[]'::jsonb, true),
  ('depot', 'contractNumber', 'text', 'Depotnummer', 'Account number', 20, false, '[]'::jsonb, true),
  ('depot', 'custodian', 'text', 'Depotbank', 'Custodian', 30, false, '[]'::jsonb, true),
  ('depot', 'totalValue', 'money', 'Gesamtwert', 'Total value', 40, false, '[]'::jsonb, true),
  ('depot', 'asOfDate', 'date', 'Stand', 'As of', 50, false, '[]'::jsonb, true),
  ('sparplan', 'provider', 'text', 'Anbieter', 'Provider', 10, true, '[]'::jsonb, true),
  ('sparplan', 'contractNumber', 'text', 'Vertragsnummer', 'Contract number', 20, false, '[]'::jsonb, true),
  ('sparplan', 'instrument', 'text', 'Bespartes Produkt', 'Invested product', 30, false, '[]'::jsonb, true),
  ('sparplan', 'premium', 'premium', 'Sparrate', 'Contribution', 40, false, '[]'::jsonb, true),
  ('sparplan', 'currentValue', 'money', 'Aktueller Wert', 'Current value', 50, false, '[]'::jsonb, true),
  ('sparplan', 'asOfDate', 'date', 'Stand', 'As of', 60, false, '[]'::jsonb, true),
  ('tagesgeld_festgeld', 'provider', 'text', 'Bank', 'Bank', 10, true, '[]'::jsonb, true),
  ('tagesgeld_festgeld', 'accountType', 'choice', 'Art', 'Type', 20, false, '[{"value":"tagesgeld","label_de":"Tagesgeld","label_en":"Instant-access"},{"value":"festgeld","label_de":"Festgeld","label_en":"Fixed deposit"}]'::jsonb, true),
  ('tagesgeld_festgeld', 'balance', 'money', 'Guthaben', 'Balance', 30, false, '[]'::jsonb, true),
  ('tagesgeld_festgeld', 'interestRate', 'text', 'Zinssatz', 'Interest rate', 40, false, '[]'::jsonb, true),
  ('tagesgeld_festgeld', 'maturityDate', 'date', 'Fälligkeit', 'Maturity', 50, false, '[]'::jsonb, true),
  ('sterbegeldversicherung', 'provider', 'text', 'Anbieter', 'Provider', 10, true, '[]'::jsonb, true),
  ('sterbegeldversicherung', 'contractNumber', 'text', 'Vertragsnummer', 'Contract number', 20, false, '[]'::jsonb, true),
  ('sterbegeldversicherung', 'startDate', 'date', 'Vertragsbeginn', 'Start date', 30, false, '[]'::jsonb, true),
  ('sterbegeldversicherung', 'premium', 'premium', 'Beitrag', 'Premium', 40, false, '[]'::jsonb, true),
  ('sterbegeldversicherung', 'sumInsured', 'money', 'Versicherungssumme', 'Sum insured', 50, false, '[]'::jsonb, true),
  ('sterbegeldversicherung', 'beneficiary', 'text', 'Bezugsberechtigt', 'Beneficiary', 60, false, '[]'::jsonb, true),
  ('reiseversicherung', 'provider', 'text', 'Anbieter', 'Provider', 10, true, '[]'::jsonb, true),
  ('reiseversicherung', 'contractNumber', 'text', 'Vertragsnummer', 'Contract number', 20, false, '[]'::jsonb, true),
  ('reiseversicherung', 'premium', 'premium', 'Beitrag', 'Premium', 30, false, '[]'::jsonb, true),
  ('reiseversicherung', 'kind', 'choice', 'Art', 'Type', 40, false, '[{"value":"reisekranken","label_de":"Reisekranken","label_en":"Travel health"},{"value":"reiseruecktritt","label_de":"Reiserücktritt","label_en":"Trip cancellation"},{"value":"reisegepaeck","label_de":"Reisegepäck","label_en":"Baggage"},{"value":"kombi","label_de":"Kombi-Paket","label_en":"Combined"}]'::jsonb, true),
  ('reiseversicherung', 'coverageArea', 'choice', 'Geltungsbereich', 'Area', 50, false, '[{"value":"europa","label_de":"Europa","label_en":"Europe"},{"value":"weltweit","label_de":"Weltweit","label_en":"Worldwide"}]'::jsonb, true),
  ('reiseversicherung', 'annual', 'bool', 'Jahresvertrag', 'Annual policy', 60, false, '[]'::jsonb, true)
;

insert into public.knowledge_articles
  (slug, category_de, category_en, title_de, title_en, body_de, body_en, contract_key, sort_order, active)
values
  ('bu', 'Vorsorge', 'Provision', 'Wie funktioniert eine Berufsunfähigkeitsversicherung?', 'How does disability insurance work?', '["Eine Berufsunfähigkeitsversicherung (BU) zahlt eine vereinbarte monatliche Rente, wenn du deinen zuletzt ausgeübten Beruf aus gesundheitlichen Gründen voraussichtlich dauerhaft nicht mehr ausüben kannst — in der Regel ab einem Grad von 50 %.","Die Höhe der Rente und die Leistungsdauer (oft bis zum Renteneintritt) werden im Vertrag festgelegt. Manche Verträge enthalten eine Dynamik, die Beitrag und Leistung über die Jahre erhöht.","Die gesetzliche Erwerbsminderungsrente greift nur unter engeren Voraussetzungen und fällt meist deutlich niedriger aus. Das ist der Hintergrund, vor dem viele eine private Absicherung prüfen.","Diese Erklärung beschreibt nur, wie das Produkt funktioniert. Ob und in welcher Höhe eine Absicherung für dich sinnvoll ist, hängt von deiner persönlichen Situation ab."]'::jsonb, '["Disability insurance pays an agreed monthly pension if you can probably no longer work in your most recent occupation for health reasons on a lasting basis — usually from a degree of 50%.","The amount of the pension and the benefit period (often until retirement) are set in the contract. Some contracts include a dynamic increase that raises both premium and benefit over the years.","The statutory reduced-earning-capacity pension applies only under narrower conditions and is usually much lower. That is the background against which many people review private cover.","This explanation only describes how the product works. Whether and to what extent cover makes sense for you depends on your personal situation."]'::jsonb, 'berufsunfaehigkeit', 10, true),
  ('haftpflicht', 'Versicherung', 'Insurance', 'Was deckt eine Privathaftpflicht ab?', 'What does personal liability cover?', '["Die Privathaftpflichtversicherung übernimmt Schäden, die du als Privatperson anderen zufügst — etwa Personen-, Sach- oder daraus folgende Vermögensschäden.","Zentral ist die Deckungssumme: der Höchstbetrag, den der Versicherer pro Schadensfall zahlt. Übliche Größenordnungen liegen im einstelligen bis zweistelligen Millionenbereich.","Eine Selbstbeteiligung bedeutet, dass du einen festgelegten Teil jedes Schadens selbst trägst. Sie senkt tendenziell den Beitrag.","Mehrere Personen können über einen Vertrag versichert sein (Einzelperson, Paar, Familie). Das ist relevant, wenn du prüfst, ob mehrere Policen denselben Schutz doppelt abdecken."]'::jsonb, '["Personal liability insurance covers damage you cause to others as a private individual — for example personal injury, property damage or resulting financial loss.","The key figure is the coverage amount: the maximum the insurer pays per claim. Common levels range from single- to double-digit millions.","A deductible means you bear a fixed part of each claim yourself. It tends to lower the premium.","Several people can be insured under one contract (single, couple, family). This matters when you check whether several policies cover the same risk twice."]'::jsonb, 'privathaftpflicht', 20, true),
  ('deckungssumme', 'Versicherung', 'Insurance', 'Was bedeutet eine Deckungssumme?', 'What does a coverage amount mean?', '["Die Deckungssumme ist der maximale Betrag, den eine Versicherung für einen versicherten Schaden leistet. Liegt der tatsächliche Schaden darüber, trägst du die Differenz selbst.","Bei Haftpflichtversicherungen wird die Deckungssumme oft pauschal für Personen-, Sach- und Vermögensschäden angegeben — sie gilt dann gemeinsam für alle diese Schadenarten.","Eine höhere Deckungssumme erhöht den Schutz, wirkt sich aber meist nur moderat auf den Beitrag aus. Der Vergleich der Deckungssummen ist deshalb eine reine Faktenbetrachtung, keine Bewertung."]'::jsonb, '["The coverage amount is the maximum a policy pays for an insured claim. If the actual loss exceeds it, you bear the difference yourself.","For liability policies the coverage amount is often stated as a single figure for personal injury, property and financial loss — it then applies jointly to all of these.","A higher coverage amount increases protection but usually affects the premium only moderately. Comparing coverage amounts is therefore a purely factual look, not an assessment."]'::jsonb, null, 30, true),
  ('ter', 'Geldanlage', 'Investing', 'Was sind laufende Fondskosten (TER)?', 'What are ongoing fund costs (TER)?', '["Die TER (Total Expense Ratio, deutsch Gesamtkostenquote) gibt an, welcher Anteil deines angelegten Vermögens pro Jahr für die laufenden Kosten eines Fonds anfällt — unabhängig davon, ob der Fonds Gewinn oder Verlust macht.","Beispiel: Bei einer TER von 1,5 % p.a. und 10.000 € Anlagesumme fallen rechnerisch rund 150 € pro Jahr an laufenden Kosten an. Bei 0,2 % p.a. wären es etwa 20 €.","Breit streuende Index-ETFs liegen häufig im Bereich von 0,1 % bis 0,4 % p.a., aktiv gemanagte Fonds oft deutlich höher. Die TER ist nur einer von mehreren Kostenfaktoren.","Wir zeigen die TER deiner Positionen als nackte Zahl im Vergleich zum Marktdurchschnitt. Was du daraus machst, bleibt deine Entscheidung."]'::jsonb, '["The TER (Total Expense Ratio) shows what share of your invested capital is consumed each year by a fund''s running costs — regardless of whether the fund gains or loses.","Example: at a TER of 1.5% p.a. and 10,000 € invested, around 150 € of running costs arise per year. At 0.2% p.a. it would be about 20 €.","Broadly diversified index ETFs are often in the range of 0.1% to 0.4% p.a., while actively managed funds are frequently much higher. The TER is only one of several cost factors.","We show the TER of your positions as a plain number compared with the market average. What you make of it remains your decision."]'::jsonb, 'depot', 40, true),
  ('renteninformation', 'Vorsorge', 'Provision', 'Wie liest man eine Renteninformation?', 'How do you read a pension statement?', '["Die jährliche Renteninformation der Deutschen Rentenversicherung nennt unter anderem deine bisher erreichte Rente und eine Hochrechnung bis zum Rentenbeginn — jeweils als Brutto-Monatsbetrag.","Wichtig ist der Unterschied zwischen garantierten und prognostizierten Beträgen: Prognosen unterstellen Annahmen (etwa künftige Beiträge oder Überschüsse), die nicht garantiert sind.","Von der genannten Bruttorente gehen später noch Steuern und Beiträge zur Kranken- und Pflegeversicherung ab. Die Kaufkraft sinkt zusätzlich durch Inflation.","In der App summieren wir die prognostizierten Monatsrenten deiner erfassten Vorsorge-Verträge zu einer einfachen Momentaufnahme — ohne Hochrechnung und ohne Bewertung."]'::jsonb, '["The annual pension statement from the German pension insurance shows, among other things, the pension you have earned so far and a projection to retirement — each as a gross monthly amount.","The difference between guaranteed and projected amounts matters: projections assume things (such as future contributions or surpluses) that are not guaranteed.","Tax and contributions to health and care insurance are later deducted from the stated gross pension. Purchasing power also falls due to inflation.","In the app we add up the projected monthly pensions of your recorded provision contracts into a simple snapshot — without projection and without assessment."]'::jsonb, 'altersvorsorge', 50, true),
  ('duplicate', 'Grundlagen', 'Basics', 'Was bedeutet eine Dopplung?', 'What does a duplicate mean?', '["Von einer Dopplung sprechen wir, wenn in deinem Bestand mehrere Verträge derselben Art vorhanden sind — zum Beispiel zwei Privathaftpflichtpolicen.","Bei vielen Versicherungsarten leistet im Schadensfall ohnehin nur ein Vertrag; ein zweiter erhöht den Schutz dann nicht, verursacht aber weiterhin Beiträge.","Es gibt Ausnahmen — etwa bewusst kombinierte Zusatzbausteine. Deshalb ist die Dopplung ein Hinweis zum Prüfen, keine Aufforderung zum Kündigen.","Wir nennen dir nur die Tatsache und die zusammengerechneten Jahreskosten. Die Entscheidung triffst du."]'::jsonb, '["We speak of a duplicate when your portfolio contains several contracts of the same type — for example two personal liability policies.","For many types of insurance only one contract pays out in a claim anyway; a second one does not increase protection but still costs premiums.","There are exceptions — such as deliberately combined add-on modules. That is why a duplicate is a prompt to review, not a call to cancel.","We only state the fact and the combined annual cost. The decision is yours."]'::jsonb, null, 60, true),
  ('pflege', 'Vorsorge', 'Provision', 'Wie funktioniert die Pflegeabsicherung?', 'How does long-term care cover work?', '["Die gesetzliche Pflegeversicherung leistet je nach Pflegegrad einen festen Betrag — dieser deckt die tatsächlichen Pflegekosten in vielen Fällen nicht vollständig ab.","Private Zusatztarife schließen diese Lücke unterschiedlich: als Pflegetagegeld (fester Betrag je Tag), als Kostenerstattung oder als Pflegerente.","Wesentlich sind die Leistungshöhe je Pflegegrad, ob die Leistung mit der Zeit steigt und welche Wartezeiten gelten.","Diese Erklärung ordnet die Bausteine ein. Ob eine Zusatzabsicherung für dich passt, hängt von deiner Situation ab."]'::jsonb, '["Statutory care insurance pays a fixed amount depending on the care level — in many cases this does not fully cover the actual cost of care.","Private supplements close this gap in different ways: as a daily care allowance (a fixed amount per day), as cost reimbursement or as a care pension.","What matters is the benefit per care level, whether it rises over time and which waiting periods apply.","This explanation classifies the building blocks. Whether a supplement fits you depends on your situation."]'::jsonb, 'pflegeversicherung', 70, true),
  ('unfall', 'Versicherung', 'Insurance', 'Wofür ist eine Unfallversicherung gedacht?', 'What is accident insurance for?', '["Die private Unfallversicherung leistet bei bleibenden gesundheitlichen Schäden infolge eines Unfalls, üblicherweise als Einmalkapital.","Die Höhe richtet sich nach der Invaliditätssumme und der vereinbarten Progression, die bei schweren Schäden überproportional auszahlt.","Sie greift nur bei Unfällen — nicht bei Krankheit. Eine Berufsunfähigkeitsabsicherung deckt einen breiteren Bereich ab und wird oft getrennt betrachtet.","Hier geht es um die Funktionsweise. Die Beobachtungen in der App vergleichen nur Fakten, sie bewerten nicht."]'::jsonb, '["Private accident insurance pays out for lasting health damage following an accident, usually as a lump sum.","The amount depends on the disability sum and the agreed progression, which pays disproportionately more for severe damage.","It only applies to accidents — not to illness. Disability cover spans a broader range and is often considered separately.","This is about how it works. The observations in the app only compare facts; they do not judge."]'::jsonb, 'unfallversicherung', 80, true),
  ('hausrat', 'Versicherung', 'Insurance', 'Was versichert eine Hausratversicherung?', 'What does household contents insurance cover?', '["Die Hausratversicherung ersetzt bewegliche Gegenstände im Haushalt — etwa Möbel, Kleidung und Elektronik — bei Schäden durch Feuer, Leitungswasser, Sturm, Hagel oder Einbruchdiebstahl.","Die Versicherungssumme sollte zum Wert des Hausrats passen. Ist sie zu niedrig (Unterversicherung), kann der Versicherer Leistungen anteilig kürzen.","Elementarschäden wie Überschwemmung sind nicht automatisch enthalten, sondern oft ein gesonderter Baustein.","Die Erklärung beschreibt den Umfang. Ob und in welcher Höhe Schutz sinnvoll ist, entscheidest du."]'::jsonb, '["Household contents insurance replaces movable items in the home — such as furniture, clothing and electronics — for damage from fire, water, storm, hail or burglary.","The sum insured should match the value of the contents. If it is too low (underinsurance), the insurer may reduce benefits proportionally.","Natural-hazard damage such as flooding is not automatically included and is often a separate module.","The explanation describes the scope. Whether and how much cover makes sense is your decision."]'::jsonb, 'hausratversicherung', 90, true),
  ('wohngebaeude', 'Versicherung', 'Insurance', 'Was deckt eine Wohngebäudeversicherung?', 'What does building insurance cover?', '["Die Wohngebäudeversicherung schützt das Gebäude selbst — Mauerwerk, Dach und fest Verbautes — vor Schäden durch Feuer, Leitungswasser, Sturm und Hagel.","Für Eigentümer ist sie zentral, da ein größerer Gebäudeschaden hohe Wiederaufbaukosten verursacht.","Ob Elementarschäden wie Überschwemmung oder Erdbeben eingeschlossen sind, hängt vom gewählten Umfang ab.","Diese Information erklärt die Funktionsweise und ersetzt keine individuelle Beratung."]'::jsonb, '["Building insurance protects the building itself — structure, roof and fixtures — against fire, water, storm and hail damage.","It is central for owners, since major building damage causes high rebuild costs.","Whether natural hazards such as flooding or earthquakes are included depends on the chosen scope.","This information explains how it works and does not replace individual advice."]'::jsonb, 'wohngebaeudeversicherung', 100, true),
  ('rechtsschutz', 'Versicherung', 'Insurance', 'Wofür ist eine Rechtsschutzversicherung da?', 'What is legal expenses insurance for?', '["Die Rechtsschutzversicherung übernimmt Kosten rechtlicher Auseinandersetzungen — Anwalt, Gericht und Gutachten — in den vereinbarten Lebensbereichen.","Üblich sind Bausteine für Privat-, Berufs-, Verkehrs- und Wohnrecht, die einzeln oder kombiniert abgeschlossen werden.","Häufig gibt es eine Wartezeit zu Beginn und eine Selbstbeteiligung je Fall. Nicht jeder Streit ist abgedeckt.","Wir erklären nur den Umfang. Ob der Schutz zu dir passt, hängt von deiner Lebenssituation ab."]'::jsonb, '["Legal expenses insurance covers the cost of legal disputes — lawyer, court and expert opinions — in the agreed areas of life.","Common modules cover private, employment, traffic and housing law, taken individually or combined.","There is often a waiting period at the start and a deductible per case. Not every dispute is covered.","We only explain the scope. Whether the cover fits you depends on your circumstances."]'::jsonb, 'rechtsschutzversicherung', 110, true),
  ('liquiditaet', 'Grundlagen', 'Basics', 'Warum eine Liquiditätsreserve?', 'Why a liquidity reserve?', '["Eine Liquiditätsreserve ist schnell verfügbares Geld für unerwartete Ausgaben wie eine kaputte Waschmaschine oder eine Autoreparatur.","In der Logik einer anerkannten Bedarfssystematik steht sie am Anfang: erst eine Reserve, dann langfristiges Sparen und Investieren.","Als grobe Orientierung dienen einige Monatsausgaben — der passende Betrag hängt von deiner Lebenssituation ab.","Wichtig ist, dass das Geld jederzeit verfügbar ist, etwa auf einem Tagesgeldkonto."]'::jsonb, '["A liquidity reserve is readily available money for unexpected expenses such as a broken washing machine or a car repair.","In the logic of a recognised needs hierarchy it comes first: a reserve before any long-term saving and investing.","A few months of expenses serve as rough orientation — the right amount depends on your circumstances.","What matters is that the money is available at any time, for example in an instant-access savings account."]'::jsonb, 'liquiditaetsreserve', 120, true)
on conflict (slug) do update set
  category_de = excluded.category_de,
  category_en = excluded.category_en,
  title_de = excluded.title_de,
  title_en = excluded.title_en,
  body_de = excluded.body_de,
  body_en = excluded.body_en,
  contract_key = excluded.contract_key,
  sort_order = excluded.sort_order,
  active = excluded.active
;

-- contracts.contract_type an den Katalog binden (idempotent neu anlegen).
alter table public.contracts drop constraint if exists contracts_contract_type_fkey;
alter table public.contracts add constraint contracts_contract_type_fkey
  foreign key (contract_type) references public.contract_categories (key) on update cascade;
